{
  "fio version" : "fio-3.28",
  "timestamp" : 1744880384,
  "timestamp_ms" : 1744880384290,
  "time" : "Thu Apr 17 04:59:44 2025",
  "jobs" : [
    {
      "jobname" : "test_io_baseline",
      "groupid" : 0,
      "error" : 0,
      "eta" : 0,
      "elapsed" : 19,
      "job options" : {
        "name" : "test_io_baseline",
        "filename" : "/dev/sdb",
        "rw" : "randread",
        "bs" : "4k",
        "iodepth" : "32",
        "numjobs" : "4",
        "size" : "10M",
        "random_distribution" : "zipf",
        "ioengine" : "io_uring",
        "direct" : "1"
      },
      "read" : {
        "io_bytes" : 41943040,
        "io_kbytes" : 40960,
        "bw_bytes" : 2236008,
        "bw" : 2183,
        "iops" : 545.900416,
        "runtime" : 18758,
        "total_ios" : 10240,
        "short_ios" : 0,
        "drop_ios" : 0,
        "slat_ns" : {
          "min" : 2413,
          "max" : 186658,
          "mean" : 12726.395508,
          "stddev" : 7141.778010,
          "N" : 10240
        },
        "clat_ns" : {
          "min" : 2752495,
          "max" : 664225000,
          "mean" : 232643771.548047,
          "stddev" : 123055410.740935,
          "N" : 10240,
          "percentile" : {
            "1.000000" : 62128128,
            "5.000000" : 73924608,
            "10.000000" : 86507520,
            "20.000000" : 114819072,
            "30.000000" : 145752064,
            "40.000000" : 179306496,
            "50.000000" : 214958080,
            "60.000000" : 252706816,
            "70.000000" : 291504128,
            "80.000000" : 337641472,
            "90.000000" : 392167424,
            "95.000000" : 476053504,
            "99.000000" : 574619648,
            "99.500000" : 583008256,
            "99.900000" : 624951296,
            "99.950000" : 641728512,
            "99.990000" : 658505728
          }
        },
        "lat_ns" : {
          "min" : 2935545,
          "max" : 664241606,
          "mean" : 232656798.562891,
          "stddev" : 123055367.648155,
          "N" : 10240
        },
        "bw_min" : 1296,
        "bw_max" : 2728,
        "bw_agg" : 99.560288,
        "bw_mean" : 2174.054054,
        "bw_dev" : 64.491403,
        "bw_samples" : 148,
        "iops_min" : 324,
        "iops_max" : 682,
        "iops_mean" : 543.513514,
        "iops_stddev" : 16.122851,
        "iops_samples" : 148
      },
      "write" : {
        "io_bytes" : 0,
        "io_kbytes" : 0,
        "bw_bytes" : 0,
        "bw" : 0,
        "iops" : 0.000000,
        "runtime" : 0,
        "total_ios" : 0,
        "short_ios" : 0,
        "drop_ios" : 0,
        "slat_ns" : {
          "min" : 0,
          "max" : 0,
          "mean" : 0.000000,
          "stddev" : 0.000000,
          "N" : 0
        },
        "clat_ns" : {
          "min" : 0,
          "max" : 0,
          "mean" : 0.000000,
          "stddev" : 0.000000,
          "N" : 0
        },
        "lat_ns" : {
          "min" : 0,
          "max" : 0,
          "mean" : 0.000000,
          "stddev" : 0.000000,
          "N" : 0
        },
        "bw_min" : 0,
        "bw_max" : 0,
        "bw_agg" : 0.000000,
        "bw_mean" : 0.000000,
        "bw_dev" : 0.000000,
        "bw_samples" : 0,
        "iops_min" : 0,
        "iops_max" : 0,
        "iops_mean" : 0.000000,
        "iops_stddev" : 0.000000,
        "iops_samples" : 0
      },
      "trim" : {
        "io_bytes" : 0,
        "io_kbytes" : 0,
        "bw_bytes" : 0,
        "bw" : 0,
        "iops" : 0.000000,
        "runtime" : 0,
        "total_ios" : 0,
        "short_ios" : 0,
        "drop_ios" : 0,
        "slat_ns" : {
          "min" : 0,
          "max" : 0,
          "mean" : 0.000000,
          "stddev" : 0.000000,
          "N" : 0
        },
        "clat_ns" : {
          "min" : 0,
          "max" : 0,
          "mean" : 0.000000,
          "stddev" : 0.000000,
          "N" : 0
        },
        "lat_ns" : {
          "min" : 0,
          "max" : 0,
          "mean" : 0.000000,
          "stddev" : 0.000000,
          "N" : 0
        },
        "bw_min" : 0,
        "bw_max" : 0,
        "bw_agg" : 0.000000,
        "bw_mean" : 0.000000,
        "bw_dev" : 0.000000,
        "bw_samples" : 0,
        "iops_min" : 0,
        "iops_max" : 0,
        "iops_mean" : 0.000000,
        "iops_stddev" : 0.000000,
        "iops_samples" : 0
      },
      "sync" : {
        "total_ios" : 0,
        "lat_ns" : {
          "min" : 0,
          "max" : 0,
          "mean" : 0.000000,
          "stddev" : 0.000000,
          "N" : 0
        }
      },
      "job_runtime" : 74476,
      "usr_cpu" : 0.140985,
      "sys_cpu" : 0.213492,
      "ctx" : 9961,
      "majf" : 0,
      "minf" : 171,
      "iodepth_level" : {
        "1" : 0.100000,
        "2" : 0.100000,
        "4" : 0.156250,
        "8" : 0.312500,
        "16" : 0.625000,
        "32" : 98.789062,
        ">=64" : 0.000000
      },
      "iodepth_submit" : {
        "0" : 0.000000,
        "4" : 100.000000,
        "8" : 0.000000,
        "16" : 0.000000,
        "32" : 0.000000,
        "64" : 0.000000,
        ">=64" : 0.000000
      },
      "iodepth_complete" : {
        "0" : 0.000000,
        "4" : 99.960474,
        "8" : 0.000000,
        "16" : 0.000000,
        "32" : 0.100000,
        "64" : 0.000000,
        ">=64" : 0.000000
      },
      "latency_ns" : {
        "2" : 0.000000,
        "4" : 0.000000,
        "10" : 0.000000,
        "20" : 0.000000,
        "50" : 0.000000,
        "100" : 0.000000,
        "250" : 0.000000,
        "500" : 0.000000,
        "750" : 0.000000,
        "1000" : 0.000000
      },
      "latency_us" : {
        "2" : 0.000000,
        "4" : 0.000000,
        "10" : 0.000000,
        "20" : 0.000000,
        "50" : 0.000000,
        "100" : 0.000000,
        "250" : 0.000000,
        "500" : 0.000000,
        "750" : 0.000000,
        "1000" : 0.000000
      },
      "latency_ms" : {
        "2" : 0.000000,
        "4" : 0.019531,
        "10" : 0.019531,
        "20" : 0.068359,
        "50" : 0.146484,
        "100" : 14.443359,
        "250" : 44.355469,
        "500" : 37.031250,
        "750" : 3.916016,
        "1000" : 0.000000,
        "2000" : 0.000000,
        ">=2000" : 0.000000
      },
      "latency_depth" : 32,
      "latency_target" : 0,
      "latency_percentile" : 100.000000,
      "latency_window" : 0
    }
  ],
  "disk_util" : [
    {
      "name" : "sdb",
      "read_ios" : 9845,
      "write_ios" : 0,
      "read_merges" : 328,
      "write_merges" : 0,
      "read_ticks" : 2301439,
      "write_ticks" : 0,
      "in_queue" : 2301438,
      "util" : 99.519282
    }
  ]
}
