{
  "fio version" : "fio-3.28",
  "timestamp" : 1744880411,
  "timestamp_ms" : 1744880411229,
  "time" : "Thu Apr 17 05:00:11 2025",
  "jobs" : [
    {
      "jobname" : "test_io_baseline",
      "groupid" : 0,
      "error" : 0,
      "eta" : 0,
      "elapsed" : 19,
      "job options" : {
        "name" : "test_io_baseline",
        "filename" : "/dev/sdb",
        "rw" : "randwrite",
        "bs" : "4k",
        "iodepth" : "32",
        "numjobs" : "4",
        "size" : "10M",
        "random_distribution" : "zipf",
        "ioengine" : "io_uring",
        "direct" : "1"
      },
      "read" : {
        "io_bytes" : 0,
        "io_kbytes" : 0,
        "bw_bytes" : 0,
        "bw" : 0,
        "iops" : 0.000000,
        "runtime" : 0,
        "total_ios" : 0,
        "short_ios" : 0,
        "drop_ios" : 0,
        "slat_ns" : {
          "min" : 0,
          "max" : 0,
          "mean" : 0.000000,
          "stddev" : 0.000000,
          "N" : 0
        },
        "clat_ns" : {
          "min" : 0,
          "max" : 0,
          "mean" : 0.000000,
          "stddev" : 0.000000,
          "N" : 0
        },
        "lat_ns" : {
          "min" : 0,
          "max" : 0,
          "mean" : 0.000000,
          "stddev" : 0.000000,
          "N" : 0
        },
        "bw_min" : 0,
        "bw_max" : 0,
        "bw_agg" : 0.000000,
        "bw_mean" : 0.000000,
        "bw_dev" : 0.000000,
        "bw_samples" : 0,
        "iops_min" : 0,
        "iops_max" : 0,
        "iops_mean" : 0.000000,
        "iops_stddev" : 0.000000,
        "iops_samples" : 0
      },
      "write" : {
        "io_bytes" : 41943040,
        "io_kbytes" : 40960,
        "bw_bytes" : 2295481,
        "bw" : 2241,
        "iops" : 560.420315,
        "runtime" : 18272,
        "total_ios" : 10240,
        "short_ios" : 0,
        "drop_ios" : 0,
        "slat_ns" : {
          "min" : 2274,
          "max" : 375853,
          "mean" : 11358.375195,
          "stddev" : 6626.689134,
          "N" : 10240
        },
        "clat_ns" : {
          "min" : 4808651,
          "max" : 1244297509,
          "mean" : 224679510.677344,
          "stddev" : 114185200.876824,
          "N" : 10240,
          "percentile" : {
            "1.000000" : 56885248,
            "5.000000" : 69730304,
            "10.000000" : 85458944,
            "20.000000" : 117964800,
            "30.000000" : 154140672,
            "40.000000" : 187695104,
            "50.000000" : 223346688,
            "60.000000" : 252706816,
            "70.000000" : 283115520,
            "80.000000" : 312475648,
            "90.000000" : 346030080,
            "95.000000" : 367001600,
            "99.000000" : 608174080,
            "99.500000" : 767557632,
            "99.900000" : 1052770304,
            "99.950000" : 1082130432,
            "99.990000" : 1166016512
          }
        },
        "lat_ns" : {
          "min" : 4837580,
          "max" : 1244308167,
          "mean" : 224691120.886523,
          "stddev" : 114185117.906201,
          "N" : 10240
        },
        "bw_min" : 1808,
        "bw_max" : 3134,
        "bw_agg" : 100.000000,
        "bw_mean" : 2260.522222,
        "bw_dev" : 74.249676,
        "bw_samples" : 141,
        "iops_min" : 452,
        "iops_max" : 783,
        "iops_mean" : 565.116667,
        "iops_stddev" : 18.532895,
        "iops_samples" : 141
      },
      "trim" : {
        "io_bytes" : 0,
        "io_kbytes" : 0,
        "bw_bytes" : 0,
        "bw" : 0,
        "iops" : 0.000000,
        "runtime" : 0,
        "total_ios" : 0,
        "short_ios" : 0,
        "drop_ios" : 0,
        "slat_ns" : {
          "min" : 0,
          "max" : 0,
          "mean" : 0.000000,
          "stddev" : 0.000000,
          "N" : 0
        },
        "clat_ns" : {
          "min" : 0,
          "max" : 0,
          "mean" : 0.000000,
          "stddev" : 0.000000,
          "N" : 0
        },
        "lat_ns" : {
          "min" : 0,
          "max" : 0,
          "mean" : 0.000000,
          "stddev" : 0.000000,
          "N" : 0
        },
        "bw_min" : 0,
        "bw_max" : 0,
        "bw_agg" : 0.000000,
        "bw_mean" : 0.000000,
        "bw_dev" : 0.000000,
        "bw_samples" : 0,
        "iops_min" : 0,
        "iops_max" : 0,
        "iops_mean" : 0.000000,
        "iops_stddev" : 0.000000,
        "iops_samples" : 0
      },
      "sync" : {
        "total_ios" : 0,
        "lat_ns" : {
          "min" : 0,
          "max" : 0,
          "mean" : 0.000000,
          "stddev" : 0.000000,
          "N" : 0
        }
      },
      "job_runtime" : 71924,
      "usr_cpu" : 0.136255,
      "sys_cpu" : 0.189088,
      "ctx" : 10401,
      "majf" : 0,
      "minf" : 47,
      "iodepth_level" : {
        "1" : 0.100000,
        "2" : 0.100000,
        "4" : 0.156250,
        "8" : 0.312500,
        "16" : 0.625000,
        "32" : 98.789062,
        ">=64" : 0.000000
      },
      "iodepth_submit" : {
        "0" : 0.000000,
        "4" : 100.000000,
        "8" : 0.000000,
        "16" : 0.000000,
        "32" : 0.000000,
        "64" : 0.000000,
        ">=64" : 0.000000
      },
      "iodepth_complete" : {
        "0" : 0.000000,
        "4" : 99.960474,
        "8" : 0.000000,
        "16" : 0.000000,
        "32" : 0.100000,
        "64" : 0.000000,
        ">=64" : 0.000000
      },
      "latency_ns" : {
        "2" : 0.000000,
        "4" : 0.000000,
        "10" : 0.000000,
        "20" : 0.000000,
        "50" : 0.000000,
        "100" : 0.000000,
        "250" : 0.000000,
        "500" : 0.000000,
        "750" : 0.000000,
        "1000" : 0.000000
      },
      "latency_us" : {
        "2" : 0.000000,
        "4" : 0.000000,
        "10" : 0.000000,
        "20" : 0.000000,
        "50" : 0.000000,
        "100" : 0.000000,
        "250" : 0.000000,
        "500" : 0.000000,
        "750" : 0.000000,
        "1000" : 0.000000
      },
      "latency_ms" : {
        "2" : 0.000000,
        "4" : 0.000000,
        "10" : 0.029297,
        "20" : 0.048828,
        "50" : 0.156250,
        "100" : 14.531250,
        "250" : 44.160156,
        "500" : 39.501953,
        "750" : 1.015625,
        "1000" : 0.400391,
        "2000" : 0.156250,
        ">=2000" : 0.000000
      },
      "latency_depth" : 32,
      "latency_target" : 0,
      "latency_percentile" : 100.000000,
      "latency_window" : 0
    }
  ],
  "disk_util" : [
    {
      "name" : "sdb",
      "read_ios" : 310,
      "write_ios" : 9801,
      "read_merges" : 0,
      "write_merges" : 359,
      "read_ticks" : 16422,
      "write_ticks" : 2214941,
      "in_queue" : 2231363,
      "util" : 100.000000
    }
  ]
}
