{
  "fio version" : "fio-3.28",
  "timestamp" : 1744880391,
  "timestamp_ms" : 1744880391821,
  "time" : "Thu Apr 17 04:59:51 2025",
  "jobs" : [
    {
      "jobname" : "test_io",
      "groupid" : 0,
      "error" : 0,
      "eta" : 0,
      "elapsed" : 5,
      "job options" : {
        "name" : "test_io",
        "filename" : "/dev/nbd0",
        "rw" : "randread",
        "bs" : "4k",
        "iodepth" : "32",
        "numjobs" : "4",
        "size" : "10M",
        "random_distribution" : "zipf",
        "ioengine" : "io_uring",
        "direct" : "1"
      },
      "read" : {
        "io_bytes" : 41943040,
        "io_kbytes" : 40960,
        "bw_bytes" : 9410599,
        "bw" : 9190,
        "iops" : 2297.509536,
        "runtime" : 4457,
        "total_ios" : 10240,
        "short_ios" : 0,
        "drop_ios" : 0,
        "slat_ns" : {
          "min" : 2952,
          "max" : 1201625,
          "mean" : 10950.495703,
          "stddev" : 18610.033973,
          "N" : 10240
        },
        "clat_ns" : {
          "min" : 3066962,
          "max" : 252325957,
          "mean" : 55528769.324609,
          "stddev" : 33617355.186253,
          "N" : 10240,
          "percentile" : {
            "1.000000" : 18219008,
            "5.000000" : 22413312,
            "10.000000" : 26869760,
            "20.000000" : 31588352,
            "30.000000" : 35913728,
            "40.000000" : 40632320,
            "50.000000" : 45875200,
            "60.000000" : 51642368,
            "70.000000" : 60555264,
            "80.000000" : 73924608,
            "90.000000" : 94896128,
            "95.000000" : 119013376,
            "99.000000" : 200278016,
            "99.500000" : 227540992,
            "99.900000" : 248512512,
            "99.950000" : 250609664,
            "99.990000" : 250609664
          }
        },
        "lat_ns" : {
          "min" : 3123303,
          "max" : 252332284,
          "mean" : 55539894.278027,
          "stddev" : 33618379.566930,
          "N" : 10240
        },
        "bw_min" : 2707,
        "bw_max" : 15040,
        "bw_agg" : 90.054034,
        "bw_mean" : 8276.375000,
        "bw_dev" : 959.788739,
        "bw_samples" : 32,
        "iops_min" : 676,
        "iops_max" : 3760,
        "iops_mean" : 2068.750000,
        "iops_stddev" : 239.942365,
        "iops_samples" : 32
      },
      "write" : {
        "io_bytes" : 0,
        "io_kbytes" : 0,
        "bw_bytes" : 0,
        "bw" : 0,
        "iops" : 0.000000,
        "runtime" : 0,
        "total_ios" : 0,
        "short_ios" : 0,
        "drop_ios" : 0,
        "slat_ns" : {
          "min" : 0,
          "max" : 0,
          "mean" : 0.000000,
          "stddev" : 0.000000,
          "N" : 0
        },
        "clat_ns" : {
          "min" : 0,
          "max" : 0,
          "mean" : 0.000000,
          "stddev" : 0.000000,
          "N" : 0
        },
        "lat_ns" : {
          "min" : 0,
          "max" : 0,
          "mean" : 0.000000,
          "stddev" : 0.000000,
          "N" : 0
        },
        "bw_min" : 0,
        "bw_max" : 0,
        "bw_agg" : 0.000000,
        "bw_mean" : 0.000000,
        "bw_dev" : 0.000000,
        "bw_samples" : 0,
        "iops_min" : 0,
        "iops_max" : 0,
        "iops_mean" : 0.000000,
        "iops_stddev" : 0.000000,
        "iops_samples" : 0
      },
      "trim" : {
        "io_bytes" : 0,
        "io_kbytes" : 0,
        "bw_bytes" : 0,
        "bw" : 0,
        "iops" : 0.000000,
        "runtime" : 0,
        "total_ios" : 0,
        "short_ios" : 0,
        "drop_ios" : 0,
        "slat_ns" : {
          "min" : 0,
          "max" : 0,
          "mean" : 0.000000,
          "stddev" : 0.000000,
          "N" : 0
        },
        "clat_ns" : {
          "min" : 0,
          "max" : 0,
          "mean" : 0.000000,
          "stddev" : 0.000000,
          "N" : 0
        },
        "lat_ns" : {
          "min" : 0,
          "max" : 0,
          "mean" : 0.000000,
          "stddev" : 0.000000,
          "N" : 0
        },
        "bw_min" : 0,
        "bw_max" : 0,
        "bw_agg" : 0.000000,
        "bw_mean" : 0.000000,
        "bw_dev" : 0.000000,
        "bw_samples" : 0,
        "iops_min" : 0,
        "iops_max" : 0,
        "iops_mean" : 0.000000,
        "iops_stddev" : 0.000000,
        "iops_samples" : 0
      },
      "sync" : {
        "total_ios" : 0,
        "lat_ns" : {
          "min" : 0,
          "max" : 0,
          "mean" : 0.000000,
          "stddev" : 0.000000,
          "N" : 0
        }
      },
      "job_runtime" : 17775,
      "usr_cpu" : 0.219409,
      "sys_cpu" : 0.495077,
      "ctx" : 19559,
      "majf" : 0,
      "minf" : 172,
      "iodepth_level" : {
        "1" : 0.100000,
        "2" : 0.100000,
        "4" : 0.156250,
        "8" : 0.312500,
        "16" : 0.625000,
        "32" : 98.789062,
        ">=64" : 0.000000
      },
      "iodepth_submit" : {
        "0" : 0.000000,
        "4" : 100.000000,
        "8" : 0.000000,
        "16" : 0.000000,
        "32" : 0.000000,
        "64" : 0.000000,
        ">=64" : 0.000000
      },
      "iodepth_complete" : {
        "0" : 0.000000,
        "4" : 99.960474,
        "8" : 0.000000,
        "16" : 0.000000,
        "32" : 0.100000,
        "64" : 0.000000,
        ">=64" : 0.000000
      },
      "latency_ns" : {
        "2" : 0.000000,
        "4" : 0.000000,
        "10" : 0.000000,
        "20" : 0.000000,
        "50" : 0.000000,
        "100" : 0.000000,
        "250" : 0.000000,
        "500" : 0.000000,
        "750" : 0.000000,
        "1000" : 0.000000
      },
      "latency_us" : {
        "2" : 0.000000,
        "4" : 0.000000,
        "10" : 0.000000,
        "20" : 0.000000,
        "50" : 0.000000,
        "100" : 0.000000,
        "250" : 0.000000,
        "500" : 0.000000,
        "750" : 0.000000,
        "1000" : 0.000000
      },
      "latency_ms" : {
        "2" : 0.000000,
        "4" : 0.010000,
        "10" : 0.039062,
        "20" : 2.128906,
        "50" : 55.439453,
        "100" : 33.408203,
        "250" : 8.916016,
        "500" : 0.058594,
        "750" : 0.000000,
        "1000" : 0.000000,
        "2000" : 0.000000,
        ">=2000" : 0.000000
      },
      "latency_depth" : 32,
      "latency_target" : 0,
      "latency_percentile" : 100.000000,
      "latency_window" : 0
    }
  ],
  "disk_util" : [
    {
      "name" : "nbd0",
      "read_ios" : 9833,
      "write_ios" : 0,
      "read_merges" : 0,
      "write_merges" : 0,
      "read_ticks" : 554168,
      "write_ticks" : 0,
      "in_queue" : 554168,
      "util" : 97.797753
    }
  ]
}
