{
  "fio version" : "fio-3.28",
  "timestamp" : 1744880415,
  "timestamp_ms" : 1744880415739,
  "time" : "Thu Apr 17 05:00:15 2025",
  "jobs" : [
    {
      "jobname" : "test_io",
      "groupid" : 0,
      "error" : 0,
      "eta" : 2147483647,
      "elapsed" : 2,
      "job options" : {
        "name" : "test_io",
        "filename" : "/dev/nbd0",
        "rw" : "randwrite",
        "bs" : "4k",
        "iodepth" : "32",
        "numjobs" : "4",
        "size" : "10M",
        "random_distribution" : "zipf",
        "ioengine" : "io_uring",
        "direct" : "1"
      },
      "read" : {
        "io_bytes" : 0,
        "io_kbytes" : 0,
        "bw_bytes" : 0,
        "bw" : 0,
        "iops" : 0.000000,
        "runtime" : 0,
        "total_ios" : 0,
        "short_ios" : 0,
        "drop_ios" : 0,
        "slat_ns" : {
          "min" : 0,
          "max" : 0,
          "mean" : 0.000000,
          "stddev" : 0.000000,
          "N" : 0
        },
        "clat_ns" : {
          "min" : 0,
          "max" : 0,
          "mean" : 0.000000,
          "stddev" : 0.000000,
          "N" : 0
        },
        "lat_ns" : {
          "min" : 0,
          "max" : 0,
          "mean" : 0.000000,
          "stddev" : 0.000000,
          "N" : 0
        },
        "bw_min" : 0,
        "bw_max" : 0,
        "bw_agg" : 0.000000,
        "bw_mean" : 0.000000,
        "bw_dev" : 0.000000,
        "bw_samples" : 0,
        "iops_min" : 0,
        "iops_max" : 0,
        "iops_mean" : 0.000000,
        "iops_stddev" : 0.000000,
        "iops_samples" : 0
      },
      "write" : {
        "io_bytes" : 41943040,
        "io_kbytes" : 40960,
        "bw_bytes" : 28669200,
        "bw" : 27997,
        "iops" : 6999.316473,
        "runtime" : 1463,
        "total_ios" : 10240,
        "short_ios" : 0,
        "drop_ios" : 0,
        "slat_ns" : {
          "min" : 2150,
          "max" : 2801968,
          "mean" : 9702.971680,
          "stddev" : 43156.555670,
          "N" : 10240
        },
        "clat_ns" : {
          "min" : 2190060,
          "max" : 61393571,
          "mean" : 18049763.822168,
          "stddev" : 9518841.387630,
          "N" : 10240,
          "percentile" : {
            "1.000000" : 5144576,
            "5.000000" : 7110656,
            "10.000000" : 8454144,
            "20.000000" : 10551296,
            "30.000000" : 12255232,
            "40.000000" : 13828096,
            "50.000000" : 15532032,
            "60.000000" : 17432576,
            "70.000000" : 20054016,
            "80.000000" : 24772608,
            "90.000000" : 32112640,
            "95.000000" : 37486592,
            "99.000000" : 47972352,
            "99.500000" : 53215232,
            "99.900000" : 58982400,
            "99.950000" : 59506688,
            "99.990000" : 60555264
          }
        },
        "lat_ns" : {
          "min" : 2209165,
          "max" : 61399176,
          "mean" : 18059624.203516,
          "stddev" : 9518804.746492,
          "N" : 10240
        },
        "bw_min" : 22523,
        "bw_max" : 22691,
        "bw_agg" : 80.747171,
        "bw_mean" : 22607.000000,
        "bw_dev" : 26.814175,
        "bw_samples" : 8,
        "iops_min" : 5630,
        "iops_max" : 5672,
        "iops_mean" : 5651.000000,
        "iops_stddev" : 6.697548,
        "iops_samples" : 8
      },
      "trim" : {
        "io_bytes" : 0,
        "io_kbytes" : 0,
        "bw_bytes" : 0,
        "bw" : 0,
        "iops" : 0.000000,
        "runtime" : 0,
        "total_ios" : 0,
        "short_ios" : 0,
        "drop_ios" : 0,
        "slat_ns" : {
          "min" : 0,
          "max" : 0,
          "mean" : 0.000000,
          "stddev" : 0.000000,
          "N" : 0
        },
        "clat_ns" : {
          "min" : 0,
          "max" : 0,
          "mean" : 0.000000,
          "stddev" : 0.000000,
          "N" : 0
        },
        "lat_ns" : {
          "min" : 0,
          "max" : 0,
          "mean" : 0.000000,
          "stddev" : 0.000000,
          "N" : 0
        },
        "bw_min" : 0,
        "bw_max" : 0,
        "bw_agg" : 0.000000,
        "bw_mean" : 0.000000,
        "bw_dev" : 0.000000,
        "bw_samples" : 0,
        "iops_min" : 0,
        "iops_max" : 0,
        "iops_mean" : 0.000000,
        "iops_stddev" : 0.000000,
        "iops_samples" : 0
      },
      "sync" : {
        "total_ios" : 0,
        "lat_ns" : {
          "min" : 0,
          "max" : 0,
          "mean" : 0.000000,
          "stddev" : 0.000000,
          "N" : 0
        }
      },
      "job_runtime" : 5781,
      "usr_cpu" : 0.691922,
      "sys_cpu" : 1.781699,
      "ctx" : 11793,
      "majf" : 0,
      "minf" : 40,
      "iodepth_level" : {
        "1" : 0.100000,
        "2" : 0.100000,
        "4" : 0.156250,
        "8" : 0.312500,
        "16" : 0.625000,
        "32" : 98.789062,
        ">=64" : 0.000000
      },
      "iodepth_submit" : {
        "0" : 0.000000,
        "4" : 100.000000,
        "8" : 0.000000,
        "16" : 0.000000,
        "32" : 0.000000,
        "64" : 0.000000,
        ">=64" : 0.000000
      },
      "iodepth_complete" : {
        "0" : 0.000000,
        "4" : 99.960474,
        "8" : 0.000000,
        "16" : 0.000000,
        "32" : 0.100000,
        "64" : 0.000000,
        ">=64" : 0.000000
      },
      "latency_ns" : {
        "2" : 0.000000,
        "4" : 0.000000,
        "10" : 0.000000,
        "20" : 0.000000,
        "50" : 0.000000,
        "100" : 0.000000,
        "250" : 0.000000,
        "500" : 0.000000,
        "750" : 0.000000,
        "1000" : 0.000000
      },
      "latency_us" : {
        "2" : 0.000000,
        "4" : 0.000000,
        "10" : 0.000000,
        "20" : 0.000000,
        "50" : 0.000000,
        "100" : 0.000000,
        "250" : 0.000000,
        "500" : 0.000000,
        "750" : 0.000000,
        "1000" : 0.000000
      },
      "latency_ms" : {
        "2" : 0.000000,
        "4" : 0.156250,
        "10" : 16.679688,
        "20" : 52.929688,
        "50" : 29.472656,
        "100" : 0.761719,
        "250" : 0.000000,
        "500" : 0.000000,
        "750" : 0.000000,
        "1000" : 0.000000,
        "2000" : 0.000000,
        ">=2000" : 0.000000
      },
      "latency_depth" : 32,
      "latency_target" : 0,
      "latency_percentile" : 100.000000,
      "latency_window" : 0
    }
  ],
  "disk_util" : [
    {
      "name" : "nbd0",
      "read_ios" : 0,
      "write_ios" : 8943,
      "read_merges" : 0,
      "write_merges" : 136,
      "read_ticks" : 0,
      "write_ticks" : 168353,
      "in_queue" : 168354,
      "util" : 93.434692
    }
  ]
}
